UniqueID,begin_hit,end_hit,hit_length,no_report,load_issue,p1_sound_issue,p1_thumb_issue,p2_sound_issue,p2_thumb_issue,conf_issue,LL1_length,LL2_length,LL1_LL2,p1_thumb_used,p2_thumb_used,any_thumb_use,raw_comments
A2OFN0A5CPLH57:3ZSANO2JCGJM0C3YA6008D1120IFSS,2/15/2018 9:05 PM,2/15/2018 9:20 PM,00:15:04,0,1,1,1,1,0,0,7,9,16,1,1,1,Yes  there was lag in the sound and the first piece of music kept playing after I advanced. 
A1G17IJC53N6K3:3A1COHJ8NK7OVOFVRYIVU7DD8MZH87,3/18/2018 7:16 PM,3/18/2018 8:18 PM,01:01:16,0,1,1,1,1,0,0,12,6,18,1,1,1,Yes music was hard to load or did not load at all at times. Had to restart the whole experiment the first time and the second time I still encountered lag.
A19G8ONKY3FQNM:39OWYR0EPL3JWYF79CSPQZP2L7DFYF,3/7/2018 11:12 PM,3/7/2018 11:30 PM,00:18:22,0,0,1,0,1,0,0,4,2,6,1,1,1,The sound was going in and out a little.
A6ORRFI3XOACA:3C44YUNSI21SP09ARJ1GP8T55QDDPT,3/9/2018 1:47 PM,3/9/2018 2:11 PM,00:23:47,0,0,1,0,1,0,0,1,2,3,0,1,1,Pausing between bars 
A2AWBDW9V1E9KT:3BDCF01OGY65WQP3VNVNLCUMIHVYLR,3/18/2018 4:46 AM,3/18/2018 4:56 AM,00:09:24,0,0,0,0,0,0,0,174,183,357,1,1,1,No
A13BZCNJ0WR1T7:3AWETUDC9343BFR2660T73BW6FCIZA,3/4/2018 3:40 PM,3/4/2018 3:51 PM,00:11:30,0,0,0,0,0,0,0,115,170,285,1,1,1,no
A3CXK1KSRGU27V:38F5OAUN5OOKVAACHTQPG7HIX2TH7K,3/18/2018 7:23 PM,3/18/2018 7:42 PM,00:18:35,1,0,0,0,0,0,0,40,49,89,1,1,1,
A255KLH2HXYF2I:35GMH2SV3FTFW6B98EZL6Q60VBQEO6,3/19/2018 3:05 AM,3/19/2018 3:31 AM,00:26:02,1,0,0,0,0,0,0,31,38,69,1,1,1,
AY4B7SUM68J3G:3OONKJ5DKDVHP3ZPYNXV5I0FSEOBOE,3/18/2018 1:50 PM,3/18/2018 2:01 PM,00:11:38,0,0,0,0,0,0,0,50,34,84,1,1,1,Nope.
A358F9D0OFV7FV:32VNZTT0A8G01H6WB04CRZZET9E4RX,3/19/2018 3:05 AM,3/19/2018 3:18 AM,00:13:00,0,0,0,0,0,0,0,16,34,50,1,1,1,no
A1MJVTR0PCKBWW:3GNA64GUZFGILZVWCQYMR1VNXJF5QA,3/18/2018 4:27 AM,3/18/2018 4:37 AM,00:10:01,0,0,0,0,0,0,0,9,34,43,1,1,1,no
A1GXFMAC759VRM:3FIJLY1B6VGPNKN6IPW6D8WQFGBFPC,2/15/2018 8:52 PM,2/15/2018 9:05 PM,00:13:09,0,0,0,0,0,0,0,11,30,41,1,1,1,NA
AXDC2BMUVCYOY:3YGXWBAF71TWVFHDT3EH240ST8OC4C,3/18/2018 1:47 PM,3/18/2018 2:00 PM,00:12:43,0,0,0,0,0,0,0,46,28,74,1,1,1,no
AJM4334V07JDQ:3LWJHTCVCDYANWOLI2BVDDM0MYXQFO,3/7/2018 11:12 PM,3/7/2018 11:30 PM,00:18:18,1,0,0,0,0,0,0,12,26,38,1,1,1,
A2NGMLBFZ3YQP5:3OLQQLKKNT11VVKCS17GYUPEWHREJY,3/18/2018 4:29 PM,3/18/2018 4:41 PM,00:11:48,1,0,0,0,0,0,0,23,25,48,1,1,1,
AZGKWTVRE2YQM:3FDJT1UU75KWAWX1ZLEPVFJEYDI5KD,3/19/2018 3:37 AM,3/19/2018 3:47 AM,00:10:09,1,0,0,0,0,0,0,20,25,45,1,1,1,
AKRFNRKI1IMJ1:3W8CV64QJ3BO9TY5WQO9U38OSSHH9W,3/18/2018 9:08 PM,3/18/2018 9:17 PM,00:09:03,0,0,0,0,0,0,0,19,23,42,1,1,1,none
A3S3NLZV7A06QN:3TR2532VIQ6XIGRXMJOIM6X1FJD6JF,3/18/2018 9:18 PM,3/18/2018 9:26 PM,00:08:44,0,0,0,0,0,0,0,29,20,49,1,1,1,none
A3CWEIEY3TGJFX:3PB5A5BD0WI6VEF1XN87V75HH957GD,3/4/2018 2:58 PM,3/4/2018 3:12 PM,00:14:23,0,0,0,1,0,0,0,5,20,25,1,1,1,the green thumb didn't appear in the first piece for the first minute or so
A1XTRYSSOR598O:3UXUOQ9OKF95LN2YBNGXZLUEJAEA7I,3/3/2018 12:53 AM,3/3/2018 1:07 AM,00:13:54,0,0,0,0,0,0,0,10,19,29,1,1,1,none
A16SQHA3U0WER6:3A0EX8ZRN90TJH3R4A6T79YH6OXBYZ,3/18/2018 7:14 PM,3/18/2018 7:41 PM,00:27:40,0,0,0,0,0,0,0,4,19,23,1,1,1,no
AJDWFBDGUPY14:37ZHEEHM6XY5123D281NCDG86OX37V,1/8/2018 12:06 AM,NaN,NaN,0,0,0,0,0,0,0,11,17,28,1,1,1,None
A350P8MBYPYXQP:3GU1KF0O4JDZA3BQDNAAUI552JKBPV,3/18/2018 1:57 PM,3/18/2018 2:07 PM,00:09:43,0,0,0,0,0,0,0,21,16,37,1,1,1,None
A3180VXVP8MOIH:3QY5DC2MXSW2FPV2ZBV0NEJPO52UF3,3/4/2018 2:58 PM,3/4/2018 3:10 PM,00:12:12,0,0,0,0,0,0,0,6,16,22,1,1,1,no
A3MD34XEB4H6JF:3LWJHTCVCDYANWOLI2BVDDM0KCXFQ3,2/15/2018 9:05 PM,2/15/2018 9:20 PM,00:14:52,0,0,0,1,0,0,0,3,16,19,1,1,1,Yes the green thumbs up icon only appeared half way through the first piece.
A1N8TKTLXV92QR:34T446B1C1QFWRZCA2RFQ1AFCWIC06,3/18/2018 7:21 PM,3/18/2018 7:42 PM,00:20:52,0,0,0,0,0,0,0,17,15,32,1,1,1,There were no issues with the survey technical or otherwise
A2SJC9VRBGNC58:3M0BCWMB8W8PUC8RP9O5MCD1V1LBWU,3/7/2018 10:53 PM,3/7/2018 11:11 PM,00:18:29,0,0,0,0,0,0,0,16,15,31,1,1,1,no
A5EU1AQJNC7F2:3WSELTNVR4ESJLZ5OQJY4HMW9PJAT9,3/7/2018 11:28 PM,3/7/2018 11:37 PM,00:08:30,0,0,0,0,0,0,0,12,15,27,1,1,1,no
A1NYI79LUIBOTP:3TMSXRD2X7COHEQZNCVGG00S946W12,3/18/2018 7:38 PM,3/18/2018 7:50 PM,00:12:03,0,0,0,0,0,0,0,9,15,24,1,1,1,No
A18ILYDB04VEE9:39K0FND3AIRO6Q9LFTIMI3R4FWDMA4,3/19/2018 3:07 AM,3/19/2018 3:19 AM,00:11:11,0,0,0,0,0,0,0,8,15,23,1,1,1,no
A321YWMP74ULKH:3WSELTNVR4ESJLZ5OQJY4HMW949ATT,3/19/2018 3:15 AM,3/19/2018 4:08 AM,00:52:03,0,0,0,0,0,0,0,22,14,36,1,1,1,no
A8BEZRY6FCMVDR:323Q6SJS8JSXA3PIZCO14ZUZV19HF7,3/26/2018 11:56 PM,3/27/2018 12:06 AM,00:10:26,0,0,0,0,0,0,0,22,14,36,1,1,1,no
A3GM78FCDY293T:3TESA3PJ32MP8RIACW8RRUM49DNMM9,3/18/2018 8:28 PM,3/18/2018 8:40 PM,00:12:07,0,0,0,0,0,0,0,15,14,29,1,1,1,None
A3CMRD0ZMKYWJS:3WJ1OXY92BS9L17HLS83DLQ9UYY8AP,3/4/2018 3:08 PM,3/4/2018 3:20 PM,00:12:22,0,0,0,0,0,0,0,13,14,27,1,1,1,No technical difficulties
A1XUZFDVKP95VC:3VBEN272MLBSECZTLQ6IQY1D51JGS3,3/7/2018 11:41 PM,3/7/2018 11:58 PM,00:17:27,0,0,0,1,0,0,0,10,14,24,1,1,1,the thumbs button on the part 1 didnt show up
A2MKUZ0K3S7NQU:37TD41K0AILFX0JOJ4AZ07GY7ODCS5,3/19/2018 2:39 AM,3/19/2018 2:50 AM,00:11:08,0,0,0,0,0,0,0,9,14,23,1,1,1,no
AA4KKLIU4C3NY:3ZWFC4W1UVJAZX3LVH0VI3W5GYZFR4,2/15/2018 8:50 PM,2/15/2018 9:05 PM,00:15:46,0,0,0,0,0,0,0,22,13,35,1,1,1,no
A1V2H0UF94ATWY:3D8YOU6S9FW6WW2RYISWT86CWZ0U6O,3/18/2018 1:50 PM,3/18/2018 2:02 PM,00:11:41,0,0,0,0,0,0,0,19,13,32,1,1,1,no
A2BK45LZGGWPLX:3MRNMEIQW6I2YFUCZR898RKL052LD7,3/27/2018 12:09 AM,3/27/2018 12:20 AM,00:11:14,1,0,0,0,0,0,0,13,13,26,1,1,1,
AYF8B7WJO2YQU:3300DTYQT3TIHIOPNRRPVV10ACTEQZ,3/18/2018 8:15 PM,3/18/2018 8:37 PM,00:21:20,0,0,0,0,0,0,0,11,13,24,1,1,1,None
A1OGYNX8GZ6999:3MD9PLUKKJQVPG2T3MDLCB7DR64NZC,2/15/2018 8:55 PM,2/15/2018 9:15 PM,00:19:09,0,1,0,0,0,0,0,11,13,24,1,1,1,Took a long time for the experiment to load
A2UOSEPGNUITM8:3WJEQKOXA9ERA1NWM7ZOYB31HL41AX,3/18/2018 8:28 PM,3/18/2018 8:40 PM,00:12:03,1,0,0,0,0,0,0,10,13,23,1,1,1,
ABL3H3O3BI8ZD:3VNXK88KKDUTRUTP1F5D94ZXZEH9VG,3/4/2018 3:02 PM,3/4/2018 3:19 PM,00:16:58,1,0,0,0,0,0,0,9,13,22,1,1,1,
A29VPSFOR6OO5H:33PPO7FECWR08EM6EOBWGBSTJB1ID3,3/8/2018 12:15 AM,3/8/2018 12:25 AM,00:10:19,0,0,0,0,0,0,0,6,13,19,1,1,1,no
A1RVMADIZE3BXK:37XITHEISXL3WLJB4FAUAXB2LXFCRO,3/27/2018 12:52 AM,3/27/2018 1:05 AM,00:13:01,0,0,0,0,0,0,0,16,12,28,1,1,1,No
A1506T1PAYRT16:31QNSG6A5S5R2Z9JEPWJ3UOJUJ678Y,3/18/2018 8:35 PM,3/18/2018 8:49 PM,00:13:21,0,0,0,0,0,0,0,14,12,26,1,1,1,n/a
A3DAJROQC1BLNI:3BV8HQ2ZZXDMHNOTSDB5T7UIPW96AP,3/18/2018 1:59 PM,3/18/2018 2:13 PM,00:13:39,0,0,0,0,0,0,0,13,12,25,1,1,1,No
AOAZMLP27GD81:3K9FOBBF2IVBKRLPOLMC4WWFE94LNP,3/26/2018 11:44 PM,3/26/2018 11:54 PM,00:10:07,0,0,0,0,0,0,0,11,12,23,1,1,1,None
A2XKIP0PJ3FJ20:3CTOC39K382GMG525TTASKXXAFO7JC,3/7/2018 11:41 PM,3/7/2018 11:55 PM,00:14:41,0,0,0,0,0,0,0,5,12,17,1,1,1,no
AU34T9OMHN4Z4:3QRYMNZ7FZTZ34TUXUO3QN6W8BTNTB,3/18/2018 8:45 PM,3/18/2018 8:58 PM,00:12:12,0,0,0,0,0,0,0,4,12,16,1,1,1,No
A8KX1HFH8NE2Q:30MVJZJNHNPK0ZTVKQRU6GO35KP9JX,3/18/2018 9:54 PM,3/18/2018 10:06 PM,00:12:40,0,0,0,0,0,0,0,17,11,28,1,1,1,No technical difficulties
A235DXY5FJN0IW:3V0Z7YWSIZCIRA8QG6QYZHRJS082V1,2/15/2018 8:47 PM,2/15/2018 9:12 PM,00:25:15,0,0,0,0,0,0,0,16,11,27,1,1,1,no
A19IWME4DCIU1H:3C8HJ7UOP86P7YHTRLYLZWIDO2WZM0,3/8/2018 12:02 AM,3/8/2018 12:16 AM,00:14:31,0,0,0,0,0,0,0,12,11,23,1,1,1,Nothing went wrong!
A2BHPYKUHMASE0:39ZSFO5CA98IKRHYI1ML2CBHI5VJUU,3/18/2018 9:20 PM,3/18/2018 9:34 PM,00:14:06,0,0,0,0,0,0,0,12,11,23,1,1,1,No.
A3BLC2D4SWSC4C:3TDXMTX3CC61N57R413IA5I124O6I3,3/18/2018 7:30 PM,3/18/2018 7:40 PM,00:09:58,0,0,0,0,0,0,0,11,11,22,1,1,1,no
AROOCBM042SJD:3R9WASFE20SJ1OPC5YU846Y4R1HFZ6,3/8/2018 12:17 AM,3/8/2018 12:26 AM,00:09:12,0,0,0,0,0,0,0,10,11,21,1,1,1,No
A2DWPP1KKAY0HG:3DOCMVPBTOQ18ROA0Y2RHO04JTJNNM,3/19/2018 1:48 AM,3/19/2018 2:08 AM,00:20:36,1,0,0,0,0,0,0,7,11,18,1,1,1,
A2KBTDHM44J7X4:3ZAZR5XV02UCYC52EW47W0D1UEYCZH,3/26/2018 11:40 PM,3/26/2018 11:49 PM,00:08:47,0,0,0,0,0,0,0,33,10,43,1,1,1,no
A1GPZ5REMDQZ0L:3LRKMWOKB6TZ0UD0H3F1KN4FICEZ22,3/18/2018 2:59 PM,3/18/2018 3:13 PM,00:14:28,0,0,0,0,0,0,0,20,10,30,1,1,1,No
A16G6PPH1INQL8:36H9ULYP636T19K8NCRMGCAE7P5FJT,3/4/2018 3:06 PM,3/4/2018 3:23 PM,00:16:32,0,0,0,1,0,0,0,13,10,23,1,1,1,When the first piece came up it was several seconds into the song before the green thumbs up appeared.  
A8028AFBBS29G:38F5OAUN5OOKVAACHTQPG7HIW9I7HC,3/4/2018 2:52 PM,3/4/2018 3:08 PM,00:15:49,0,1,0,0,0,0,0,13,10,23,1,1,1,Just slow loading in the beginning
APUPF3D94XYUQ:3AMYWKA6YCYBJRIU2WGNU2ENEDNO6G,3/18/2018 7:43 PM,3/18/2018 7:56 PM,00:12:45,0,0,0,0,0,0,0,12,10,22,1,1,1,no there were no difficulties
AKZ8SFOAI4RZN:3JV9LGBJWUQDGK70E9P96TRC8Q9OGZ,3/18/2018 2:34 AM,3/18/2018 2:45 AM,00:11:58,0,0,0,0,0,0,0,11,10,21,1,1,1,no difficulties
A3ISDIYTS02E8C:3WQ3B2KGE9SWTBSOSLZKTMN7Z3SB15,3/18/2018 10:37 PM,3/18/2018 10:58 PM,00:21:08,0,0,0,0,0,0,0,9,10,19,1,1,1,No everything worked fine.
A3PBS8Q8B9TZY8:3XM0HYN6NLBXH6NANEC0VQBQ51WPEE,3/7/2018 11:44 PM,3/7/2018 11:58 PM,00:13:59,0,0,0,0,0,0,0,9,10,19,1,1,1,no
AVPCUQOQEPTCI:3GA6AFUKOP02UR9PFHNZ3Q52R7Y3H5,3/4/2018 3:53 PM,3/4/2018 4:04 PM,00:11:09,0,0,0,0,0,0,0,1,10,11,0,1,1,no
A34LRS5WXFCCIY:3K2755HG5TFGYNKGDG5BDEF139GFDW,3/26/2018 11:41 PM,3/26/2018 11:53 PM,00:11:35,0,1,0,0,0,0,0,19,9,28,1,1,1,Everything worked correctly the only issue I had was getting the test audio to load at the very beginning of the experiment. I clicked it once with my volume turned all the way up and it didn't load for awhile so I clicked the button again and then just caught the end of the letter and it sounded like E. Luckily it only registered my first click and I could play it the second time ok
A2WAQLPXT615HQ:3LO69W1SU4P5AZ431H9HECNIDMNGLV,3/18/2018 8:25 PM,3/18/2018 8:35 PM,00:10:13,0,0,0,0,0,0,0,18,9,27,1,1,1,no
AY9ZVK32I1P1L:3VHHR074H4TMH6T28E5N8ZAPE4UL7T,3/8/2018 12:09 AM,3/8/2018 12:22 AM,00:13:27,0,0,0,0,0,0,0,14,9,23,1,1,1,no
A27QBYDLN5V11F:3DL65MZB8ERENHE6I9QUBQCJ54HCEU,3/4/2018 3:00 PM,3/4/2018 3:11 PM,00:11:25,0,0,0,0,0,0,0,12,9,21,1,1,1,No issues.
A52FUUEDGSZT9:3RANCT1ZVGTC28JMU9944OS4ALABUV,3/7/2018 10:48 PM,3/7/2018 11:03 PM,00:14:12,0,0,0,0,0,0,0,8,9,17,1,1,1,No issues.
AK81F0NOBFJS3:3BF51CHDTWM6DZASWU5G1S7VPONH0K,3/18/2018 7:14 PM,3/18/2018 7:28 PM,00:14:05,0,0,0,0,0,0,0,8,9,17,1,1,1,No
AD7CUW86FWEKT:3DBQWDE4Y7AXI2I4WY65N70ISJ45NL,3/26/2018 11:36 PM,3/26/2018 11:48 PM,00:12:00,1,0,0,0,0,0,0,7,9,16,1,1,1,
A1P3Z24Y6GRNVA:39LOEL67OTH91G8WCDTTQDC3PH2387,3/18/2018 5:00 AM,3/18/2018 5:11 AM,00:10:12,1,0,0,0,0,0,0,6,9,15,1,1,1,
ALXZBIM9FIMR5:31LVTDXBL8MWZPDHHS3TDG1PFGKLRO,3/7/2018 10:50 PM,3/7/2018 11:08 PM,00:18:25,0,0,0,0,0,0,0,5,9,14,1,1,1,I did not experience any technical difficulties.
AVI7K876BV3QL:3LO69W1SU4P5AZ431H9HECNIB2CLGJ,2/10/2018 3:33 AM,2/10/2018 3:46 AM,00:13:51,0,0,0,0,0,0,0,5,9,14,1,1,1,no
AMDX0UNZS4A1G:3ND9UOO81LE17LU3GMDZ0F967AUWLR,3/19/2018 5:48 AM,3/19/2018 5:59 AM,00:11:19,0,0,0,0,0,0,0,5,9,14,1,1,1,None
A2Z70GL7HTFFQR:3GNA64GUZFGILZVWCQYMR1VNXJUQ5A,3/18/2018 8:01 PM,3/18/2018 8:28 PM,00:26:55,0,0,0,0,0,0,0,4,9,13,1,1,1,none
A1QHJGHKDIG3T5:37C0GNLMHGFKFUR5CN27J82OALM6DF,3/9/2018 1:27 PM,3/9/2018 1:50 PM,00:22:57,0,0,0,0,0,0,0,1,9,10,0,1,1,None
A1USR9JCAMDGM3:30H4UDGLT3UVTUFN4C0J8YGZ69KMP1,1/7/2018 11:12 PM,NaN,NaN,1,0,0,0,0,0,0,12,8,20,1,1,1,
A228YSXU6H27QT:34X6J5FLPUAQSYAH1S2GSBESDJEQJH,2/15/2018 8:44 PM,2/15/2018 8:59 PM,00:15:19,0,0,0,0,0,0,0,9,8,17,1,1,1,No
AOTB3HJ9Z3BP9I:3YJ6NA41JCS5SM921FNRS6OIAOFPJG,3/19/2018 2:39 AM,3/19/2018 2:52 AM,00:13:17,0,0,0,0,0,0,0,9,8,17,1,1,1,no
A3D2U4QF7821ZW:3WJEQKOXA9ERA1NWM7ZOYB31EVJ1AT ,1/7/2018 11:39 PM,NaN,NaN,0,0,0,0,0,0,0,8,8,16,1,1,1,No
A2CJY4787IR70K:37QW5D2ZRHYDLXTB2SUUYLKFHXUS8H,3/19/2018 3:07 AM,3/19/2018 3:29 AM,00:21:57,1,0,0,0,0,0,0,8,8,16,1,1,1,
A98E8M4QLI9RS:3FQ5JJ512M000L373LABPWJ0PYENKH,3/19/2018 1:47 AM,3/19/2018 2:02 AM,00:14:43,0,1,0,0,0,0,0,8,8,16,1,1,1,It did take a long time to load the study
A12723JDRPT207:3OE22WJIGJ0Z6ELBDR6UZDN3ORKQUZ,1/8/2018 1:15 AM,NaN,NaN,0,0,0,0,0,0,0,7,8,15,1,1,1,no
A2KHLQ2YFZRI67:3NVC2EB65RBOGMZEPHRNPQ05IWA3YQ,3/18/2018 2:24 PM,3/18/2018 2:37 PM,00:13:14,0,0,0,0,0,0,0,7,8,15,1,1,1,No
A360G5G0DVWU7X:3WR9XG3T64NQJYMH2M66MI8ESX847M,3/18/2018 7:40 PM,3/18/2018 7:51 PM,00:10:46,1,0,0,0,0,0,0,7,8,15,1,1,1,
A77K8W55MJEKX:3MMN5BL1W0GOM5A06E3CVVDY97WM3P,3/7/2018 11:31 PM,3/7/2018 11:41 PM,00:09:55,0,0,0,0,0,0,0,7,8,15,1,1,1,none
AWZLHQLGSE3GK5:3G5F9DBFOQ9M60B8ZRT5MLXLJ5OVHK,3/7/2018 11:12 PM,3/7/2018 11:21 PM,00:09:38,0,0,0,0,0,0,0,7,8,15,1,1,1,no
A1Z0O5MC9DAE8C:3K9FOBBF2IVBKRLPOLMC4WWFEJVLN0,3/7/2018 11:18 PM,3/7/2018 11:39 PM,00:20:31,0,1,0,0,0,0,0,6,8,14,1,1,1,The instructions and the images took very long to load
A3IS28VQS5T5DE:3TE22NPXPCOT0B4Y0O8ZJ6O41VI442,3/18/2018 8:34 PM,3/18/2018 8:44 PM,00:10:23,1,0,0,0,0,0,0,6,8,14,1,1,1,
A2S6D47RWJTUOB:3TXMY6UCAF03KK4BR0LU571XPBDCQN,3/26/2018 11:40 PM,3/26/2018 11:50 PM,00:09:05,0,0,0,0,0,0,0,6,8,14,1,1,1,No
A11X5WGS32DXKG:3OCHAWUVGPW5CFHB5RXKNYAYRCOKXY,3/19/2018 3:30 AM,3/19/2018 3:42 AM,00:11:35,0,0,0,0,0,0,0,5,8,13,1,1,1,no i did not
A2FL477TMKC91L:38F71OA9GU8J2HQTQ94EW42VCCNFM7,3/19/2018 1:42 AM,3/19/2018 1:55 AM,00:12:59,0,0,0,0,0,0,0,3,8,11,1,1,1,no
A222XREQ12K58P:37WLF8U1WQ2ST0XF44OUNLXEUJB6KY,3/26/2018 11:52 PM,3/27/2018 12:03 AM,00:11:17,0,0,0,0,0,0,0,3,8,11,1,1,1,None at all
A1P6OXEJ86HQRM:3TE3O85731KQY3R97MLOYK2G7UV2R8,2/15/2018 8:46 PM,2/15/2018 8:59 PM,00:13:35,0,0,0,0,0,0,0,2,8,10,1,1,1,no
A38Q1M4DS1MT4W:3PH3VY7DJM9LCAB7VN488UK4M4AZWR,3/8/2018 12:14 AM,3/8/2018 12:24 AM,00:10:34,0,0,0,0,0,0,0,20,7,27,1,1,1,no problems
A3PTFE5MJV5DU1:3NVC2EB65RBOGMZEPHRNPQ05IWZY3A,3/19/2018 3:42 AM,3/19/2018 3:54 AM,00:11:58,1,0,0,0,0,0,0,14,7,21,1,1,1,
A1Y9VA9FKJLS5K:33OOO72IVIXGC0W384FPACCK9ICCT1,3/26/2018 11:34 PM,3/26/2018 11:44 PM,00:10:36,0,0,0,0,0,0,0,13,7,20,1,1,1,No
A256FHXGSY0E5D:3VNL7UK1XGVNFCGDZ65QIIXN4JWFTH,2/15/2018 8:59 PM,2/15/2018 9:24 PM,00:24:55,0,0,0,0,0,0,0,11,7,18,1,1,1,None
A1G69P73SBVUR4:3S3AMIZX3VH9VB06MEFA58UY5SGCD1,3/4/2018 2:58 PM,3/4/2018 3:10 PM,00:12:12,1,0,0,0,0,0,0,11,7,18,1,1,1,
A10T740JW5MQDA:3OE22WJIGJ0Z6ELBDR6UZDN3WLBQUM,3/7/2018 10:47 PM,3/7/2018 10:59 PM,00:12:53,0,0,0,0,0,0,0,9,7,16,1,1,1,No
A3HAPMZV7CYDY8:3AWETUDC9343BFR2660T73BW7T9IZ0,3/7/2018 10:52 PM,3/7/2018 11:04 PM,00:12:28,1,0,0,0,0,0,0,9,7,16,1,1,1,
AM5AFB4S7ZJF99:3IO1LGZLKA98YZVEVFRRXGONZ8968L,3/18/2018 2:24 PM,3/18/2018 2:33 PM,00:09:08,0,0,0,0,0,0,0,9,7,16,1,1,1,no
A2YAYHZYI7M3HD:3Z4AIRP3C7P36EVPXHR2IJEZI6G1X4,3/18/2018 8:58 PM,3/18/2018 9:11 PM,00:12:46,0,1,0,0,0,0,0,8,7,15,1,1,1,Well things were pretty slow to load but other than that no problems
AEXF5EUX32U0M:3STRJBFXOX3YVY8R0HWNYVPSEG0KTF,3/19/2018 1:46 AM,3/19/2018 2:34 AM,00:47:58,0,0,0,0,0,0,0,7,7,14,1,1,1,Nope worked great
A27ZE20JZ3VDUP:37UEWGM5HUKJ9I9DOILAT1SBFOGR1F,2/15/2018 8:50 PM,2/15/2018 9:15 PM,00:25:02,0,1,0,0,0,0,0,7,7,14,1,1,1,The page was very slow to load up.
A3J5UWZM4ZZ1D6:3X73LLYYQ2Q9YV2ZX07EC438XHBNHE,3/19/2018 2:16 AM,3/19/2018 2:29 AM,00:13:10,0,0,0,0,0,0,0,7,7,14,1,1,1,no
AV22FQTJNBUZT:3VP0C6EFSH8NJOXIPG1A2YPIJD86MJ,3/18/2018 8:28 PM,3/18/2018 8:40 PM,00:12:05,0,0,0,0,0,0,0,7,7,14,1,1,1,No
A3AJJHOAV7WIUQ:35GMH2SV3FTFW6B98EZL6Q60VM8EOA,3/27/2018 12:33 AM,3/27/2018 12:43 AM,00:10:27,0,0,0,0,0,0,0,7,7,14,1,1,1,no
A2VRDE2FHCBMF8:3KGTPGBS6YXIEVJQBGGT3VP0ETZ2UC,2/15/2018 8:44 PM,2/15/2018 8:59 PM,00:14:38,0,0,0,0,0,0,0,6,7,13,1,1,1,no
A2T1K94BLNDBAH:3WYP994K183ND5MW8JPLWTCPSM6Y6J,3/18/2018 4:04 AM,3/18/2018 4:19 AM,00:14:36,0,0,0,0,0,0,0,6,7,13,1,1,1,no
A1K0S514CEY1UG:3300DTYQT3TIHIOPNRRPVV10ANQEQI,3/26/2018 11:26 PM,3/26/2018 11:40 PM,00:13:40,0,0,0,0,0,0,0,6,7,13,1,1,1,no
A2OXTS31LD48BC:3YZ8UPK3VUYVCDBS895ZF8YMRSAUCS,3/4/2018 2:59 PM,3/4/2018 3:10 PM,00:11:30,1,0,0,0,0,0,0,6,7,13,1,1,1,
A1GSIR59HGF3SZ:3R6P78PK7LNTTCC8AQB803XZ66WGTY,3/4/2018 3:14 PM,3/4/2018 3:24 PM,00:10:36,0,0,0,0,0,0,0,6,7,13,1,1,1,No
A16SJ5D3DKUEXJ:36W0OB37HXQ3FKGI0OI87RAH7GWZHQ,3/7/2018 11:43 PM,3/7/2018 11:57 PM,00:14:28,0,1,0,0,0,0,0,5,7,12,1,1,1,Interface was very slow to load initially.  When it came to the verification of the letter it took about 2 minutes after I pressed the audio button for the letter to be said.  I heard the letter E t but I may have accidentally pressed D instead...however it let me continue with the experiment so i might have pressed E intially
A32CRWJESR6AX4:35GCEFQ6I60OLC9JL3T63X97OQE3ZH,3/18/2018 1:41 PM,3/18/2018 2:29 PM,00:47:39,0,0,0,1,0,0,0,4,7,11,1,1,1,When the first music selection started playing it took about a minute for the green thumb to appear. It appeared right away for the second music selection.
A321HI9J8MLQN4:39U1BHVTDM3SZ00KFB4OH98Q3U2T31,3/18/2018 7:49 PM,3/18/2018 8:19 PM,00:30:08,0,0,0,0,0,0,0,4,7,11,1,1,1,no
A3LJ2FHESYV9QQ:3HUTX6F6VVZN1QZTFU4K4PXBW7B2OZ,2/15/2018 8:48 PM,2/15/2018 9:03 PM,00:15:29,0,0,0,0,0,0,0,4,7,11,1,1,1,No
A30KYQGABO7JER:39GAF6DQWSCB2PQUX2QKUYHE12T1VZ,3/4/2018 3:43 PM,3/4/2018 3:57 PM,00:13:41,1,0,0,0,0,0,0,4,7,11,1,1,1,
A3JXAURWDF54DG:36V4Q8R5ZLCGT6G24PF88369JZ8QMU,3/7/2018 10:45 PM,3/7/2018 10:57 PM,00:12:07,0,0,0,0,0,0,0,4,7,11,1,1,1,no
AMW2XLD9443OH:3JWH6J9I9TPZ7IZDX8XIQT0A23CBNQ,3/18/2018 3:05 AM,3/18/2018 3:19 AM,00:14:52,0,0,0,0,0,0,0,11,6,17,1,1,1,None everything went well
A39HSOL2DZIR2Y:3TMFV4NEP9Q6SEAKMX4VVAN0NA28WO,3/18/2018 2:08 PM,3/18/2018 2:17 PM,00:09:20,0,0,0,0,0,0,0,10,6,16,1,1,1,No
A3Q0XAGQ7TD7MP:3LS2AMNW5G24T91EH5UL07VEEZNQO9,3/7/2018 10:59 PM,3/7/2018 11:22 PM,00:22:41,0,1,0,0,0,0,0,9,6,15,1,1,1,the beginning of the experiment was extremely slow to load
A20EU0UH5K3VGE:3X31TUMD7YY86KE0JYOE7PJCBXEL1A,3/19/2018 2:43 AM,3/19/2018 3:03 AM,00:20:20,0,0,0,0,0,0,0,9,6,15,1,1,1,no
A2K04XRYSF3KDD:33IZTU6J82D30YUJA06MEK18864SXQ,3/19/2018 3:17 AM,3/19/2018 3:28 AM,00:11:12,1,0,0,0,0,0,0,9,6,15,1,1,1,
A1C5SQZ045W0L5:3MH9DQ757XO8TPRXAV1I5ZJ1QD6UGT,3/18/2018 4:32 PM,3/18/2018 4:50 PM,00:18:22,1,0,0,0,0,0,0,8,6,14,1,1,1,
A1561P9VVA3C1C:3TAYZSBPLMK2ZIRMMBLTOU7CTWE2SW,2/15/2018 9:00 PM,2/15/2018 9:15 PM,00:14:38,0,0,0,0,0,0,0,6,6,12,1,1,1,no
A2OVX9UW5WANQE:35BLDD71I798XLB25DZCMS1QFA6ZV9,3/18/2018 2:11 PM,3/18/2018 2:48 PM,00:36:50,0,0,0,0,0,0,0,5,6,11,1,1,1,NO
A319HGTKM0UY0V:3U4J9857OFNA4X7QH1GTUWEK2O77BB,3/18/2018 3:00 AM,3/18/2018 3:13 AM,00:13:34,0,0,0,0,0,0,0,5,6,11,1,1,1,No
A37QFZ8I1TGH2C:3NPFYT4IZDG0ATLSF0C5P6I5KVYXGZ,3/18/2018 9:09 PM,3/18/2018 9:21 PM,00:11:40,0,1,0,0,0,0,0,5,6,11,1,1,1,Took a long time to load the project. That's all.
A22BQTBZLQETW4:337RC3OW06EOSWUYQC83EDQS0M0VLU,3/8/2018 12:10 AM,3/8/2018 12:24 AM,00:13:54,0,0,0,0,0,0,0,4,6,10,1,1,1,no
A33MBBGYASZPKN:3IRIK4HM3BWAA2LRCR7WZ2K6PZ4C67,3/18/2018 8:27 PM,3/18/2018 8:38 PM,00:10:10,0,1,0,0,0,0,0,4,6,10,1,1,1,long load times
A319BHZG0R2ESQ:3LYA37P8IRZYZCEA0V52Y1J689EBKU,3/18/2018 1:38 PM,3/18/2018 2:29 PM,00:50:17,0,1,0,0,0,0,0,3,6,9,1,1,1,was slow loading 
AFZKP8TAXAUCR:3KJYX6QCMANIX66YNRWQYYD0WC4JVJ,3/18/2018 7:14 PM,3/18/2018 7:28 PM,00:13:57,1,0,0,0,0,0,0,3,6,9,1,1,1,
ANZKTE853UXSD:3TVRFO09GLRGWLZTQR9L2YNDEB6XLN,2/15/2018 8:45 PM,2/15/2018 8:59 PM,00:14:38,0,0,0,1,0,0,0,2,6,8,1,1,1,The thumbs up button was not present for the first piece
ARTSG66V2MOJ6:3FTYUGLFSVXOWQRR74S2R2OOC3V5D6,2/15/2018 9:05 PM,2/15/2018 9:16 PM,00:11:10,0,0,0,1,0,0,0,2,6,8,1,1,1,I did not see a green thumbs up button during the first part of the experiment. The second part displayed it just fine.
A1TP0SGMUSJ34B:3I2PTA7R3U6L3IGZJD2STQE5UUDQKP,3/7/2018 10:58 PM,3/7/2018 11:16 PM,00:18:42,0,0,0,0,0,0,0,13,5,18,1,1,1,no
APRZ7BR8C0ZMQ:3V5Q80FXIY3YF167WWKSGMZ03HF238,3/18/2018 1:36 PM,3/18/2018 2:10 PM,00:33:26,0,1,0,0,0,0,0,9,5,14,1,1,1,some of the programs and pages were very slow to load..
A1WTIPXQDJIMUI:3JV9LGBJWUQDGK70E9P96TRC8CFOGD,3/7/2018 11:18 PM,3/7/2018 11:32 PM,00:14:23,1,0,0,0,0,0,0,9,5,14,1,1,1,
A1RDRK3QTM7U96:3T3IWE1XG7ZK616MDMGKUH11D74QTV,3/7/2018 11:14 PM,3/7/2018 11:24 PM,00:10:46,1,0,0,0,0,0,0,9,5,14,1,1,1,
ALDKDKRBR4LXD:3DYGAII7PMKME9DFW570P704O4JQPQ,3/7/2018 10:46 PM,3/7/2018 10:59 PM,00:13:37,1,0,0,0,0,0,0,8,5,13,1,1,1,
A3H6KECCE83132:3EICBYG6458MYX0YWA1L86PBB5ECJ3,3/18/2018 1:51 PM,3/18/2018 2:02 PM,00:11:40,0,0,0,0,0,0,0,8,5,13,1,1,1,no it was perfect
A39C210BKD7YNN:3W8CV64QJ3BO9TY5WQO9U38OSS79HE,3/18/2018 3:29 PM,3/18/2018 3:39 PM,00:09:54,0,0,0,0,0,0,0,8,5,13,1,1,1,None
A82EXY20JSZZ9:3BF51CHDTWM6DZASWU5G1S7VNND0HP,2/15/2018 9:04 PM,2/15/2018 9:20 PM,00:16:14,0,0,0,0,0,0,0,7,5,12,1,1,1,no
A1PJLZSOUQ4MIL:3JWH6J9I9TPZ7IZDX8XIQT0A24JBNZ,3/18/2018 3:10 PM,3/18/2018 3:19 PM,00:08:48,1,0,0,0,0,0,0,7,5,12,1,1,1,
AJRY9ALX8069Y:3Z2R0DQ0JIQ1PZM4LG1OZD3XRGVE2I ,1/7/2018 11:40 PM,NaN,NaN,0,0,0,0,0,0,0,6,5,11,1,1,1,no
A3UV55HC87DO9C:3LRKMWOKB6TZ0UD0H3F1KN4FIXCZ26,3/7/2018 11:09 PM,3/7/2018 11:20 PM,00:10:42,0,0,0,0,0,0,0,5,5,10,1,1,1,no
A320BT7PLIQVZT:3PMBY0YE28FXSLNPAYA8JCB8FMI9CT,3/9/2018 12:53 PM,3/9/2018 1:24 PM,00:31:11,0,0,0,0,0,0,0,4,5,9,1,1,1,no
A11W7R2O4RQSSS:3GDTJDAPVVNAN2G6IVY8MCL9P8YM8L,3/18/2018 9:04 PM,3/18/2018 9:21 PM,00:16:29,1,0,0,0,0,0,0,4,5,9,1,1,1,
A2XSGALF8O9ISQ:36WLNQG780MVDCM049UZ0661OXHEBI,3/7/2018 11:23 PM,3/7/2018 11:39 PM,00:15:51,1,1,0,0,0,0,0,4,5,9,1,1,1,Each page was very slow to load
A3058EF4S1HP2W:3G2UL9A02EQ4YLQVLAZLJGSSOO367Y,3/18/2018 1:35 PM,3/18/2018 1:48 PM,00:12:31,0,0,0,1,0,0,0,4,5,9,1,1,1,The green hand like button didn't load until halfway through the 1st song.
A2GV9WSNSPX53:3FFJ6VRIL2069ULC2CN1148AN0S0II,2/15/2018 8:44 PM,2/15/2018 9:03 PM,00:18:50,0,0,0,0,0,0,0,3,5,8,1,1,1,None!
ANEM435BSW3XU:3WLEIWSYHPTD99D6BH9UKG0AMM7H24,3/18/2018 7:20 PM,3/18/2018 7:37 PM,00:17:07,1,0,0,0,0,0,0,3,5,8,1,1,1,
A25VN1RP8MH63K:33M4IA01QHDRZJU6VB6HOAWCM4IRXY,3/19/2018 1:48 AM,3/19/2018 2:04 AM,00:15:17,0,1,0,0,0,0,0,3,5,8,1,1,1,not during the whole experiment took a long time to load but once it did it worked smoothly
A3VTOW7WLPTBRR:3GS6S824SR9RVLXOSZTED7DVBC2NW5,3/4/2018 4:21 PM,3/4/2018 4:35 PM,00:13:21,0,0,0,0,0,0,0,2,5,7,1,1,1,No
A2RR04JS69Z5LE:3VE8AYVF8N94HSOPW8UVRM10STSF8L,3/9/2018 1:30 PM,NaN,NaN,0,0,0,0,0,0,0,1,5,6,0,1,1,No
A28C4YC9WPNYG2:3VA45EW49OZGC5HXWQ46Z6N66ODO1W,3/9/2018 12:57 PM,3/9/2018 1:26 PM,00:28:54,0,0,0,0,0,0,0,1,5,6,0,1,1,No
A3QLGMZOLGMBQ1:3IFS6Q0HJJV6A35OBE6LBAETIFAISW,2/12/2018 3:04 AM,2/12/2018 3:15 AM,00:11:13,0,0,0,0,0,0,0,1,5,6,0,1,1,No
ATHS9CW2FLYUY:3H0W84IWBLEITJ3P06GP0LB569SERJ,3/26/2018 11:38 PM,3/26/2018 11:53 PM,00:14:44,0,0,0,0,0,0,0,9,4,13,1,1,1,no!
ALTPINLOVL4HLT:3G5F9DBFOQ9M60B8ZRT5MLXLJ5OVHK,3/7/2018 10:52 PM,3/7/2018 11:08 PM,00:16:26,0,0,0,0,0,0,0,8,4,12,1,1,1,no
A3SD02HCW68EUL:3K3R2QNK8CFTEF4PWPV8DIXEL789UR,3/4/2018 3:09 PM,3/4/2018 3:21 PM,00:11:57,1,0,0,0,0,0,0,8,4,12,1,1,1,
A1HIQZEC2ER7GS:37TD41K0AILFX0JOJ4AZ07GY7ZYCSC,3/26/2018 11:35 PM,3/26/2018 11:48 PM,00:13:24,0,0,0,0,0,0,0,6,4,10,1,1,1,no
A1NGABF082HR2P:3H7Z272LX8JBNCX240Z48L1AEDKPLI,3/19/2018 1:55 AM,3/19/2018 2:07 AM,00:12:12,0,0,0,0,0,0,0,6,4,10,1,1,1,No
AQSB97UW88SO2:38F71OA9GU8J2HQTQ94EW42VCC2FMM,3/18/2018 3:07 PM,3/18/2018 3:20 PM,00:12:45,1,0,0,0,0,0,0,5,4,9,1,1,1,
A207149DHAS89K:33LK57MYLUHS5TUYBIU7B5HJG62SZN,3/19/2018 3:16 AM,3/19/2018 3:25 AM,00:09:34,0,0,0,0,0,0,0,5,4,9,1,1,1,No.
AP4FDDWBJW47O:3GNA64GUZFGILZVWCQYMR1VNV5JQ55,2/12/2018 4:00 AM,2/12/2018 4:09 AM,00:09:30,0,0,0,0,0,0,0,5,4,9,1,1,1,None
A15RSC70TW7ZKW:3IJXV6UZ1YVU9O5BWP6GL09XYREIRP,3/19/2018 1:51 AM,3/19/2018 2:00 AM,00:09:05,1,0,0,0,0,0,0,5,4,9,1,1,1,
A2BXQ8SZLFQF4D:3300DTYQT3TIHIOPNRRPVV10ACZQEH,3/18/2018 10:23 PM,3/18/2018 10:39 PM,00:15:04,0,0,0,0,0,0,0,4,4,8,1,1,1,no
A27W025UEXS1G0:3TOK3KHVJUUUNRWZL6LF0GEJ99YO7C,3/7/2018 11:53 PM,3/8/2018 12:04 AM,00:11:04,0,0,0,0,0,0,0,4,4,8,1,1,1,No
A3O5EU9QQV2OS1:3Z9WI9EOZ008QPHW0NFYKCM43XQKHC,3/26/2018 11:26 PM,3/26/2018 11:36 PM,00:09:28,0,0,0,0,0,0,0,3,4,7,1,1,1,No
A3D61CCA0LVMWV:3XCC1ODXDMN7QMTU9XBPU20JO87RQQ,3/4/2018 3:21 PM,3/4/2018 3:30 PM,00:09:15,1,0,0,0,0,0,0,3,4,7,1,1,1,
A1ZUUNIIJSDJBG:3TMSXRD2X7COHEQZNCVGG00S8BV1W9,3/4/2018 3:36 PM,3/4/2018 3:46 PM,00:09:49,0,0,0,0,0,0,0,2,4,6,1,1,1,No
A3UFERVCN9A8IH:3CCZ6YKWR8VCT0EAVON0565YN5X59I,3/9/2018 1:27 PM,3/9/2018 2:07 PM,00:39:26,0,0,0,0,0,0,0,1,4,5,0,1,1,no
AM8OWAW9TUVLN:3EO896NRAX73KE29IWWBXGPFZROJT3,3/18/2018 7:50 PM,3/18/2018 8:24 PM,00:33:58,0,0,0,0,0,0,0,1,4,5,0,1,1,no
A3F8G26PENQ6EO:3QECW5O0KIDVDFNOTUSHW66AHC05TI,3/9/2018 1:48 PM,3/9/2018 2:02 PM,00:14:04,0,0,0,1,0,0,0,1,4,5,0,1,1,First song green thumbs up never appeared I could hear the music though
A3GK90X2QOFR53:30BXRYBRP59ZLPBDP1Y18NGZQT5WH4,3/18/2018 9:02 PM,3/18/2018 9:14 PM,00:11:49,0,1,0,0,0,0,0,1,4,5,0,1,1,slow loading initially 
A1AKL5YH9NLD2V:3WZ36BJEV4SX2V4XU4JUZS62R73BT4,3/7/2018 10:45 PM,3/7/2018 10:57 PM,00:12:07,0,0,0,0,0,0,0,8,3,11,1,1,1,No technical issues.
A2CISHIOILFDHN:3BDCF01OGY65WQP3VNVNLCUMIIBYL9,3/18/2018 8:05 PM,3/18/2018 8:31 PM,00:26:10,0,1,0,0,0,0,0,7,3,10,1,1,1,Yes the first part of this loaded extremely slow
AHIJACUG7ZL9B:3PM8NZGV8ZSRNIF6IWHHJKM7O4TXQM,2/12/2018 3:01 AM,2/12/2018 3:12 AM,00:10:58,1,0,0,0,0,0,0,5,3,8,1,1,1,
A3OB6REG5CGHK1:3DI28L7YXBQU0E482C1AUUTS20RE1U,3/18/2018 2:27 PM,3/18/2018 2:37 PM,00:10:09,0,0,0,0,0,0,0,5,3,8,1,1,1,no
A10NDE5PFNAC0H:3GS6S824SR9RVLXOSZTED7DVCRHNWF,3/9/2018 12:54 PM,3/9/2018 1:40 PM,00:45:38,0,0,0,0,0,0,0,4,3,7,1,1,1,No
A2TVJTQ4VXATE6:3KKG4CDWKJAUXHAAHJ4Q0EZKN8J94W,3/7/2018 10:44 PM,3/7/2018 11:08 PM,00:24:17,0,0,0,0,0,0,0,4,3,7,1,1,1,no
A3HCGNV93TJO7R:3U088ZLJVL5OAP5HRTRG2VHI4XPW0U,3/7/2018 11:22 PM,3/7/2018 11:36 PM,00:14:37,1,0,0,0,0,0,0,4,3,7,1,1,1,
A289D98Z4GAZ28:3VA45EW49OZGC5HXWQ46Z6N6627O1I,3/19/2018 12:08 AM,3/19/2018 12:22 AM,00:14:37,0,0,0,0,0,0,0,4,3,7,1,1,1,no
A3QC57KUVJP5EW:33F859I567P7XMD2UA25L93EERBBHN,2/15/2018 9:00 PM,2/15/2018 9:14 PM,00:14:32,1,0,0,0,0,0,0,4,3,7,1,1,1,
A2DZJ4VBQ558BR:3UXUOQ9OKF95LN2YBNGXZLUEKSU7AW,3/7/2018 11:40 PM,3/7/2018 11:52 PM,00:12:10,1,0,0,0,0,0,0,4,3,7,1,1,1,
AR4XFM7G1W0VQ:3KKG4CDWKJAUXHAAHJ4Q0EZKN8J94W,3/7/2018 11:29 PM,3/7/2018 11:40 PM,00:10:57,0,0,0,0,0,0,0,4,3,7,1,1,1,no
ALU79S27U05N:3CN4LGXD5Y09YIIIPVW6ZVSBUIB4YN,2/12/2018 4:01 AM,2/12/2018 4:11 AM,00:09:59,0,0,0,0,0,0,0,4,3,7,1,1,1,No
A12FCLCVIM2CL3:3RANCT1ZVGTC28JMU9944OS4A0YUBW,3/19/2018 1:42 AM,3/19/2018 1:51 AM,00:09:01,1,0,0,0,0,0,0,4,3,7,1,1,1,
AQVXVMX61864S:3X4MXAO0BH0CAJPGL6AVMRI5DNQWRU,3/8/2018 12:05 AM,3/8/2018 12:13 AM,00:07:54,1,0,0,0,0,0,0,4,3,7,1,1,1,
A3SMP47XOFZHSW:33LK57MYLUHS5TUYBIU7B5HJGRBSZ2,3/7/2018 10:59 PM,3/7/2018 11:16 PM,00:17:00,1,0,0,0,0,0,0,3,3,6,1,1,1,
ATF7HBD1TFI2U:30X31N5D642R4LMQZQE8UCQA6OPAS3,3/3/2018 12:27 AM,3/3/2018 12:39 AM,00:11:57,0,1,0,0,0,0,0,3,3,6,1,1,1,it took a minute for the test sound to work but it did eventually
AY0BJCGY2DHIX:3QAPZX2QN5P2Y97AD929EO1T05V20D,3/18/2018 1:36 PM,3/18/2018 1:58 PM,00:22:03,0,1,0,0,0,0,0,2,3,5,1,1,1,It took a long time to load.
A20NITCOBY4775:3KGTPGBS6YXIEVJQBGGT3VP0GUYU27,3/18/2018 1:46 PM,3/18/2018 2:00 PM,00:13:47,0,0,0,0,0,0,0,2,3,5,1,1,1,NA
A2FYQIZWV2UJHS:3Q8GYXHFEQEERYLD78XR7W66R3J5C6,2/15/2018 8:47 PM,2/15/2018 9:00 PM,00:12:41,0,0,0,0,0,0,0,2,3,5,1,1,1,no
AB7LYMORLR5H0:34S9DKFK741VKQSO70B2Y4YBNZHNYE,3/9/2018 12:58 PM,3/9/2018 1:44 PM,00:46:13,0,0,0,0,0,0,0,1,3,4,0,1,1,no
A1RJ2LORL5PJHS:3I7DHKZYGOCLUA5NYANSF2R9Q2BF51,3/7/2018 11:49 PM,3/8/2018 12:05 AM,00:15:48,0,0,0,0,0,0,0,1,3,4,0,1,1,no
A1H9I9J7GPTD5Q:3TYCR1GOTDV51GZ8R9X6ZJ3OOCFLZN,3/18/2018 8:38 PM,3/18/2018 8:52 PM,00:14:11,0,0,0,0,0,0,0,1,3,4,0,1,1,no
A3908297ZI3LES:30H4UDGLT3UVTUFN4C0J8YGZEIAPMK,3/19/2018 1:53 AM,3/19/2018 2:06 AM,00:12:28,0,0,0,0,0,0,0,13,2,15,1,1,1,no
A11O504U2EJUGU:37ZHEEHM6XY5123D281NCDG86OX37V,1/7/2018 11:36 PM,NaN,NaN,0,0,0,0,0,0,0,11,2,13,1,1,1,none
A3TUJHF9LW3M8N:338JKRMM27B2EC8AOW29QYJ8YAZHAB,3/18/2018 7:23 PM,3/18/2018 7:37 PM,00:14:00,1,0,0,0,0,0,0,11,2,13,1,1,1,
A1L3937MY09J3I:3XUHV3NRVLA586WTT0BSIN3M6WYH55,3/18/2018 7:36 PM,3/18/2018 7:45 PM,00:08:59,0,0,0,0,0,0,0,9,2,11,1,1,1,No.
A2PXJTMWGUE5DC:3JV9LGBJWUQDGK70E9P96TRC8CEGO4,3/7/2018 11:05 PM,3/7/2018 11:24 PM,00:18:52,0,1,0,0,0,0,0,8,2,10,1,1,1,it was laggy at first but picked up once I got to the experiment. 
A3GPTSDDHJ2DBV:3IO1LGZLKA98YZVEVFRRXGONZJG86G,3/26/2018 11:38 PM,3/27/2018 12:20 AM,00:42:28,0,0,0,0,0,0,0,5,2,7,1,1,1,none
A1GKD3NG1NNHRP:3X73LLYYQ2Q9YV2ZX07EC438XHANHD,3/19/2018 1:44 AM,3/19/2018 2:01 AM,00:16:58,1,0,0,0,0,0,0,4,2,6,1,1,1,
A2XOP6WJGR59QR:3OE22WJIGJ0Z6ELBDR6UZDN3ORKQUZ,1/8/2018 12:42 AM,NaN,NaN,1,0,0,0,0,0,0,3,2,5,1,1,1,
A3MPHGI584PR1U:3ATTHHXXWB0E6KRN5OC8AIVLZTBIX3,3/7/2018 11:37 PM,3/7/2018 11:55 PM,00:18:19,1,0,0,0,0,0,0,3,2,5,1,1,1,
A203C9REA20IT3:3OXV7EAXLF2MX2P8JYWV6ZGCJ8X36E,3/9/2018 1:51 PM,3/9/2018 2:18 PM,00:26:55,0,1,0,0,0,0,0,2,2,4,1,1,1,Very slow wouldn't load for the first half hour
A27CEAL8PWSAG5:3HL8HNGX46D4VX7Z1009RIWBCYT9FL,3/7/2018 11:05 PM,3/7/2018 11:28 PM,00:22:57,0,0,0,0,0,0,0,2,2,4,1,1,1,None
A2J2P9JE374XCM:3QY7M81QH8YBX0BKNETMTZXAP4O7KB,3/7/2018 11:54 PM,3/8/2018 12:05 AM,00:11:42,1,0,0,0,0,0,0,2,2,4,1,1,1,
A25CFVQND4A0EV:3R6P78PK7LNTTCC8AQB803XZ7YQGTD,3/18/2018 3:14 AM,3/18/2018 3:25 AM,00:10:43,1,0,0,0,0,0,0,2,2,4,1,1,1,
A1TCDQNDVZFTLE:3FIJLY1B6VGPNKN6IPW6D8WQH2BPFW,3/7/2018 11:20 PM,3/7/2018 11:34 PM,00:14:28,0,1,0,1,0,0,0,1,2,3,0,1,1,The survey initially took a long time to load. While listening to the first sample the green thumbs up button did not appear until about halfway through.
AZ69TBTDH7AZS:3HRMW88U172S5DB3NRLTTXFR6AMM0Y,3/18/2018 7:16 PM,3/18/2018 7:30 PM,00:14:18,0,1,0,1,0,0,0,1,2,3,0,1,1,initially yes the first music selection lagged to play so was not able to select green thumb on parts I liked
A1HF8F8FQLNCSG:3BGYGHDBBYW9UJAOSW6NXCU8X3F22X,3/18/2018 1:42 PM,3/18/2018 1:55 PM,00:12:55,0,0,0,0,0,0,0,1,2,3,0,1,1,No
A35SC4D5YNJGOW:3PH3VY7DJM9LCAB7VN488UK4MJ8ZWJ,3/18/2018 2:10 PM,3/18/2018 2:21 PM,00:10:48,0,0,0,0,0,0,0,1,2,3,0,1,1,N/A
ALSJ5JQPC3A82:3BEFOD78W75941T46S8V5054N7SM4A,3/7/2018 11:32 PM,3/7/2018 11:40 PM,00:08:29,0,0,0,0,0,0,0,1,2,3,0,1,1,no
A9692Y27LBXT9:32SVAV9L3GLNK41B9BD7M4IYFRN3A4,3/9/2018 12:54 PM,3/9/2018 1:43 PM,00:48:21,0,0,0,0,0,0,0,12,1,13,1,0,1,no
A32QWM7BWCSPTS:3NLZY2D53Q1WNOYH4DET8QRKJUIQLS,3/8/2018 12:04 AM,3/8/2018 12:14 AM,00:10:01,0,0,0,0,0,0,0,10,1,11,1,0,1,No
A2XUADP5L61HQ5:3OONKJ5DKDVHP3ZPYNXV5I0FSDHBO5,3/18/2018 2:37 AM,3/18/2018 2:46 AM,00:08:48,0,0,0,0,0,0,0,10,1,11,1,0,1,No.
ANEWGC5Y2V8GG:3BF51CHDTWM6DZASWU5G1S7VOVC0H5,3/4/2018 3:19 PM,3/4/2018 3:35 PM,00:16:19,0,1,0,0,0,0,0,7,1,8,1,0,1,I had trouble in the being with the audio test  It wasn't working at first.
A35NVKW9R833VF:3VNXK88KKDUTRUTP1F5D94ZXY6HV9L,2/15/2018 8:59 PM,2/15/2018 9:16 PM,00:16:35,1,0,0,0,0,0,0,5,1,6,1,0,1,
A3A8P4UR9A0DWQ:37KGEN7NJ421EXC0WSSBP2AUJNLPPG,3/19/2018 2:09 AM,3/19/2018 2:19 AM,00:10:21,0,0,0,0,0,0,0,5,1,6,1,0,1,none
A279YSE7NB16M0:3A1PQ49WVIT6KOVASD9GFXQ5U2ZH11,3/9/2018 1:27 PM,3/9/2018 2:03 PM,00:36:18,0,0,0,0,0,0,0,3,1,4,1,0,1,no
A2EOOF9D135HQ1:3TU5ZICBRED18HEYAO5P3L5EZ9VQ8C,3/18/2018 7:21 PM,3/18/2018 7:35 PM,00:14:05,0,0,0,0,0,0,0,3,1,4,1,0,1,None of the audio from the Test Memory played
A1NUKP1UCT2R2R:33PPUNGG39HG4EULWTU2LVCNMV2ZRZ,1/8/2018 12:47 AM,NaN,NaN,1,0,0,0,0,0,0,2,1,3,1,0,1,
A10249252O9I20MRSOBVF:3AQF3RZ559UHDE513TXX7859MY26FQ,3/9/2018 1:27 PM,NaN,NaN,0,1,0,0,0,0,0,2,1,3,1,0,1,Yes. Server slowdown
A3OXOYNCOPR23H:3Y5140Z9DYS9XBPWJX2RG59IXU2IPF,3/7/2018 11:01 PM,3/7/2018 11:23 PM,00:21:34,0,0,0,0,0,0,0,2,1,3,1,0,1,no
AW0MG225VXWCN:34V1S5K3GTD8C4EO07X5XCJYJZP96H,3/7/2018 10:46 PM,3/7/2018 10:57 PM,00:11:47,0,0,0,1,0,0,0,2,1,3,1,0,1,the green thumbsup in the first piece was slow to load
ACN0C9HPYDTED:3ZY8KE4ISKFZJTABIHGZVZPM2YZQVU,1/8/2018 1:10 AM,NaN,NaN,0,1,0,0,0,0,0,1,1,2,0,0,0,In the beginning I had to check for audio compatibility and the play button didn't work for a bit so I had to press it over and over about 5-8 times before it played. It was a bit weird.
ACE0B9RPYGETN:3ZY8KE4ISKFZJTABIHGZVZPM2YZQVU,1/8/2018 1:52 AM,NaN,NaN,0,0,0,0,0,0,0,1,1,2,0,0,0,No
A2ADEPVGNNXNPA:369J354OFEMNRE1WED3FPT5LND26GP,3/9/2018 12:56 PM,3/9/2018 1:26 PM,00:30:04,0,0,0,0,0,0,0,1,1,2,0,0,0,no
A2I5850G7EOPQ2:3L0KT67Y8FSS03KTFWSOXY8H8B8SY2,2/15/2018 8:45 PM,2/15/2018 9:13 PM,00:28:48,0,0,0,0,0,0,0,1,1,2,0,0,0,no
AO33H4GL9KZX9:30LSNF239V7D54OQHZRFKS1PMZYI2A,3/19/2018 1:42 AM,3/19/2018 2:00 AM,00:17:39,0,0,0,1,0,0,0,1,1,2,0,0,0,yes. first the page didn't load so i had to reload it. and then green thumb was missing for the first piece. but i wouldn't have clicked it anyway
A2GB0RI43KU4Z:3WJ1OXY92BS9L17HLS83DLQ9V26A88,3/26/2018 11:30 PM,3/26/2018 11:47 PM,00:16:44,0,0,0,0,0,0,1,1,1,2,0,0,0,The memory test samples only worked 50% of the time though I had no problem just listening to the pieces. Can understand you might not want to let the samples be listened to multiple times but it might've been nice to have tried a couple of things -- I started out with Bluetooth headphones but switched to speakers after encountering problems and unable to replay.
A1BNR1ZAF1QGWG:34J10VATJGAUXNQBJAHGGAZS04PQI5,2/15/2018 8:44 PM,2/15/2018 8:59 PM,00:14:44,0,0,0,0,0,0,0,1,1,2,0,0,0,no
A192MH226Q1NT4:3K5TEWLKGWNM2VMS59BQMXY0HJ4IV1,2/12/2018 3:02 AM,2/12/2018 3:15 AM,00:12:28,0,0,0,0,0,0,0,1,1,2,0,0,0,no
A30VLAIIJIG5IS:3KIBXJ1WD66II63J40AO4LJ5FTXOKH,3/7/2018 11:57 PM,3/8/2018 12:07 AM,00:10:46,0,0,0,0,0,0,0,1,1,2,0,0,0,no problems
A2MKXI4KCRRI7Y:3E1QT0TDFQLORJQFXG0GUJES8K3I8W,3/7/2018 11:49 PM,3/7/2018 11:59 PM,00:10:06,1,0,0,0,0,0,0,1,1,2,0,0,0,
,,,,,,,,,,,9,,,,,,
